time_utc,satellite,sat_alt_deg,sat_az_deg,target_alt_deg,target_az_deg,angular_sep_deg,gain_percent
2026-01-13T19:02:12+00:00,NAVSTAR 69 (USA 248),73.73282872163735,78.42377581183882,72.98095400420354,82.5668411854971,4.210737023505783,50.19938026040107
2026-01-13T19:02:13+00:00,NAVSTAR 69 (USA 248),73.72827227518641,78.44722785339154,72.98409021076833,82.56823447424,4.187660744864419,50.602603570241925
2026-01-13T19:02:14+00:00,NAVSTAR 69 (USA 248),73.72371385831715,78.47066923179773,72.98722642728154,82.56962775070062,4.164597780789882,51.00600108379227
2026-01-13T19:02:15+00:00,NAVSTAR 69 (USA 248),73.71915347249069,78.49409995091663,72.99036265374104,82.5710210148806,4.14154819111004,51.40954174145177
2026-01-13T19:02:16+00:00,NAVSTAR 69 (USA 248),73.7145911191802,78.51752001459184,72.99349889014596,82.57241426678215,4.118512037037111,51.81319439782077
2026-01-13T19:02:17+00:00,NAVSTAR 69 (USA 248),73.71002679983556,78.5409294267193,72.99663513649134,82.5738075064056,4.095489381129353,52.21692782697943
2026-01-13T19:02:18+00:00,NAVSTAR 69 (USA 248),73.70546051593689,78.56432819113724,72.99977139277932,82.57520073375453,4.072480287449432,52.62071072435099
2026-01-13T19:02:19+00:00,NAVSTAR 69 (USA 248),73.70089226893046,78.58771631174376,73.00290765900382,82.57659394882882,4.049484821471946,53.02451171299376
2026-01-13T19:02:20+00:00,NAVSTAR 69 (USA 248),73.69632206028506,78.61109379241398,73.00604393516697,82.57798715163193,4.0265030502191355,53.428299345922625
2026-01-13T19:02:21+00:00,NAVSTAR 69 (USA 248),73.69174989144703,78.63446063706597,73.00918022126291,82.57938034216392,4.003535042225223,53.83204211146948
2026-01-13T19:02:22+00:00,NAVSTAR 69 (USA 248),73.68717576389052,78.6578168495589,73.01231651729354,82.58077352042825,3.980580867692027,54.235708435314145
2026-01-13T19:02:23+00:00,NAVSTAR 69 (USA 248),73.6825996790567,78.68116243383058,73.01545282325402,82.58216668642527,3.9576405983829854,54.63926668714566
2026-01-13T19:02:24+00:00,NAVSTAR 69 (USA 248),73.67802163841826,78.7044973937503,73.01858913914342,82.58355984015704,3.934714307827554,55.042685181897944
2026-01-13T19:02:25+00:00,NAVSTAR 69 (USA 248),73.67344164341333,78.72782173326738,73.0217254649597,82.58495298162545,3.911802071209445,55.44593218657876
2026-01-13T19:02:26+00:00,NAVSTAR 69 (USA 248),73.66885969551308,78.7511354562704,73.02486180070198,82.58634611083255,3.8889039655651216,55.848975921672576
2026-01-13T19:02:27+00:00,NAVSTAR 69 (USA 248),73.66427579616278,78.77443856669156,73.02799814636734,82.5877392277797,3.8660200697208524,56.25178456717697
2026-01-13T19:02:28+00:00,NAVSTAR 69 (USA 248),73.65968994681559,78.79773106845775,73.03113450195181,82.58913233246764,3.843150464398149,56.65432626570913
2026-01-13T19:02:29+00:00,NAVSTAR 69 (USA 248),73.65510214892579,78.82101296550276,73.03427086745752,82.59052542489987,3.820295232256213,57.05656912675473
2026-01-13T19:02:30+00:00,NAVSTAR 69 (USA 248),73.65051240393665,78.84428426178211,73.03740724287839,82.59191850507638,3.797454457926796,57.45848123108461
2026-01-13T19:02:31+00:00,NAVSTAR 69 (USA 248),73.645920713312,78.86754496120277,73.04054362821661,82.59331157300058,3.7746282281498806,57.86003063343236
2026-01-13T19:02:32+00:00,NAVSTAR 69 (USA 248),73.64132707848998,78.89079506773994,73.04368002346612,82.5947046286725,3.7518166317060735,58.26118536878453
2026-01-13T19:02:33+00:00,NAVSTAR 69 (USA 248),73.63673150093014,78.91403458532109,73.04681642862906,82.59609767209557,3.7290197596037458,58.66191345422476
2026-01-13T19:02:34+00:00,NAVSTAR 69 (USA 248),73.63213398206697,78.93726351793997,73.04995284370048,82.59749070327015,3.7062377050183706,59.06218289517358
2026-01-13T19:02:35+00:00,NAVSTAR 69 (USA 248),73.62753452336189,78.96048186952474,73.05308926867946,82.59888372219851,3.683470563499464,59.461961686961295
2026-01-13T19:02:36+00:00,NAVSTAR 69 (USA 248),73.62293312624337,78.98368964408051,73.056225703564,82.60027672888222,3.6607184328864206,59.861217821554945
2026-01-13T19:02:37+00:00,NAVSTAR 69 (USA 248),73.6183297921741,79.00688684555408,73.05936214835316,82.60166972332351,3.637981413523578,60.259919289068776
2026-01-13T19:02:38+00:00,NAVSTAR 69 (USA 248),73.61372452258622,79.03007347793316,73.06249860304209,82.60306270552276,3.6152596082229866,60.658034083745505
2026-01-13T19:02:39+00:00,NAVSTAR 69 (USA 248),73.6091173189277,79.05324954520239,73.06563506763271,82.6044556754834,3.5925531223933267,61.05553020706225
2026-01-13T19:02:40+00:00,NAVSTAR 69 (USA 248),73.60450818264194,79.07641505134104,73.06877154211924,82.60584863320537,3.5698620641125878,61.45237567186699
2026-01-13T19:02:41+00:00,NAVSTAR 69 (USA 248),73.599897115166,79.09957000036195,73.07190802650351,82.60724157869221,3.5471865441744885,61.84853850701746
2026-01-13T19:02:42+00:00,NAVSTAR 69 (USA 248),73.5952841179362,79.1227143962725,73.07504452078184,82.60863451194474,3.524526676207135,62.24398676080046
2026-01-13T19:02:43+00:00,NAVSTAR 69 (USA 248),73.59066919240628,79.14584824304137,73.07818102495014,82.61002743296379,3.5018825767969575,62.638688504310856
2026-01-13T19:02:44+00:00,NAVSTAR 69 (USA 248),73.5860523400006,79.16897154470408,73.08131753901047,82.61142034175282,3.4792543654686807,63.03261183738744
2026-01-13T19:02:45+00:00,NAVSTAR 69 (USA 248),73.58143356216846,79.19208430525643,73.08445406295796,82.61281323831211,3.4566421648877395,63.425724890719636
2026-01-13T19:02:46+00:00,NAVSTAR 69 (USA 248),73.57681286034358,79.21518652872625,73.08759059679166,82.61420612264392,3.4340461008832017,63.81799583113408
2026-01-13T19:02:47+00:00,NAVSTAR 69 (USA 248),73.57219023595944,79.23827821913764,73.09072714050956,82.61559899474996,3.4114663025835057,64.2093928649698
2026-01-13T19:02:48+00:00,NAVSTAR 69 (USA 248),73.56756569045405,79.26135938051827,73.09386369411072,82.6169918546323,3.3889029025140727,64.59988424217309
2026-01-13T19:02:49+00:00,NAVSTAR 69 (USA 248),73.56293922525718,79.28443001691049,73.09700025759034,82.61838470229141,3.3663560366906844,64.98943826052101
2026-01-13T19:02:50+00:00,NAVSTAR 69 (USA 248),73.55831084181342,79.30749013232632,73.10013683095029,82.61977753773077,3.3438258447818923,65.37802326871284
2026-01-13T19:02:51+00:00,NAVSTAR 69 (USA 248),73.55368054153698,79.33053973084392,73.1032734141848,82.62117036095026,3.3213124701183507,65.7656076721642
2026-01-13T19:02:52+00:00,NAVSTAR 69 (USA 248),73.54904832587705,79.35357881648434,73.10641000729576,82.62256317195329,3.2988160599489604,66.15215993460846
2026-01-13T19:02:53+00:00,NAVSTAR 69 (USA 248),73.54441419625047,79.37660739331776,73.10954661027742,82.6239559707399,3.276336765446381,66.5376485840848
2026-01-13T19:02:54+00:00,NAVSTAR 69 (USA 248),73.53977815410185,79.39962546537515,73.11268322313158,82.62534875731355,3.253874741936814,66.92204221513677
2026-01-13T19:02:55+00:00,NAVSTAR 69 (USA 248),73.53514020084923,79.42263303674491,73.11581984585364,82.6267415316746,3.2314301489269726,67.30530949456367
2026-01-13T19:02:56+00:00,NAVSTAR 69 (USA 248),73.53050033792763,79.44563011148468,73.11895647844233,82.62813429382521,3.2090031503404717,67.68741916365893
2026-01-13T19:02:57+00:00,NAVSTAR 69 (USA 248),73.52585856675232,79.46861669367462,73.12209312089593,82.629527043767,3.186593914603607,68.06834004310542
2026-01-13T19:02:58+00:00,NAVSTAR 69 (USA 248),73.52121488876499,79.49159278737338,73.12522977321336,82.63091978150223,3.164202614846989,68.44804103597613
2026-01-13T19:02:59+00:00,NAVSTAR 69 (USA 248),73.5165693053795,79.51455839667898,73.12836643539083,82.63231250703168,3.1418294289933435,68.8264911327552
2026-01-13T19:03:00+00:00,NAVSTAR 69 (USA 248),73.51192181802575,79.53751352565898,73.1315031074273,82.63370522035746,3.1194745399975945,69.20365941386412
2026-01-13T19:03:01+00:00,NAVSTAR 69 (USA 248),73.50727242813373,79.56045817840388,73.13463978932182,82.63509792148176,3.0971381359606722,69.57951505442256
2026-01-13T19:03:02+00:00,NAVSTAR 69 (USA 248),73.50262113711105,79.5833923590343,73.13777648106955,82.63649061040486,3.0748204102945573,69.95402732823248
2026-01-13T19:03:03+00:00,NAVSTAR 69 (USA 248),73.4979679463911,79.60631607162253,73.14091318267239,82.63788328713034,3.052521561993621,70.32716561008358
2026-01-13T19:03:04+00:00,NAVSTAR 69 (USA 248),73.49331285738671,79.62922932029034,73.1440498941246,82.6392759516581,3.0302417957178096,70.69889938132424
2026-01-13T19:03:05+00:00,NAVSTAR 69 (USA 248),73.48865587152937,79.65213210911888,73.14718661542804,82.6406686039916,3.007981322091032,71.06919823193753
2026-01-13T19:03:06+00:00,NAVSTAR 69 (USA 248),73.48399699022025,79.67502444226547,73.1503233465779,82.64206124413124,2.9857403577818746,71.43803186636664
2026-01-13T19:03:07+00:00,NAVSTAR 69 (USA 248),73.47933621490404,79.69790632379414,73.15346008757318,82.64345387207908,2.963519125899401,71.80537010422225
2026-01-13T19:03:08+00:00,NAVSTAR 69 (USA 248),73.47467354697382,79.72077775787061,73.156596838412,82.64484648783684,2.941317856012145,72.17118288737194
2026-01-13T19:03:09+00:00,NAVSTAR 69 (USA 248),73.4700089878599,79.74363874859445,73.15973359909324,82.64623909140667,2.919136784559422,72.53544028066486
2026-01-13T19:03:10+00:00,NAVSTAR 69 (USA 248),73.46534253897298,79.76648930009664,73.16287036961235,82.64763168278907,2.8969761549906385,72.89811247729729
2026-01-13T19:03:11+00:00,NAVSTAR 69 (USA 248),73.46067420172861,79.78932941652894,73.16600714997094,82.64902426198728,2.874836218036174,73.2591698021472
2026-01-13T19:03:12+00:00,NAVSTAR 69 (USA 248),73.45600397753287,79.81215910203153,73.16914394016337,82.65041682900141,2.8527172319989758,73.6185827149315
2026-01-13T19:03:13+00:00,NAVSTAR 69 (USA 248),73.45133186781194,79.83497836072989,73.17228074019155,82.6518093838348,2.830619463042051,73.97632181359914
2026-01-13T19:03:14+00:00,NAVSTAR 69 (USA 248),73.44665787397291,79.85778719678197,73.1754175500497,82.65320192648748,2.8085431854213163,74.33235783877596
2026-01-13T19:03:15+00:00,NAVSTAR 69 (USA 248),73.44198199742237,79.88058561433883,73.1785543697397,82.65459445696288,2.7864886818329224,74.68666167653029
2026-01-13T19:03:16+00:00,NAVSTAR 69 (USA 248),73.43730423957767,79.90337361755819,73.18169119925767,82.6559869752617,2.7644562437104017,75.0392043621418
2026-01-13T19:03:17+00:00,NAVSTAR 69 (USA 248),73.43262460183396,79.92615121061851,73.18482803860074,82.65737948138539,2.742446171538545,75.38995708379214
2026-01-13T19:03:18+00:00,NAVSTAR 69 (USA 248),73.42794308562054,79.94891839765067,73.1879648877679,82.65877197533592,2.7204587752690093,75.73889118484269
2026-01-13T19:03:19+00:00,NAVSTAR 69 (USA 248),73.42325969232766,79.97167518284957,73.19110174675725,82.66016445711507,2.698494374560033,76.08597816912899
2026-01-13T19:03:20+00:00,NAVSTAR 69 (USA 248),73.41857442338065,79.99442157036385,73.19423861556781,82.66155692672497,2.6765532992672814,76.4311897024892
2026-01-13T19:03:21+00:00,NAVSTAR 69 (USA 248),73.41388728016634,80.01715756439721,73.19737549419476,82.66294938416598,2.654635889725739,76.77449761784231
2026-01-13T19:03:22+00:00,NAVSTAR 69 (USA 248),73.40919826409801,80.03988316912334,73.2005123826399,82.66434182944151,2.6327424972524347,77.11587391703264
2026-01-13T19:03:23+00:00,NAVSTAR 69 (USA 248),73.4045073765736,80.06259838873832,73.20364928089766,82.66573426255161,2.610873484512842,77.45529077508533
2026-01-13T19:03:24+00:00,NAVSTAR 69 (USA 248),73.39981461900541,80.08530322741484,73.20678618896972,82.6671266834995,2.58902922602102,77.79272054264793
2026-01-13T19:03:25+00:00,NAVSTAR 69 (USA 248),73.3951199927899,80.1079976893565,73.20992310685044,82.66851909228535,2.5672101085455457,78.12813575018708
2026-01-13T19:03:26+00:00,NAVSTAR 69 (USA 248),73.39042349933148,80.13068177875412,73.21306003454171,82.66991148891252,2.545416531649254,78.46150911041731
2026-01-13T19:03:27+00:00,NAVSTAR 69 (USA 248),73.38572514002527,80.15335549983693,73.21619697203867,82.67130387338135,2.5236489081438904,78.79281352236171
2026-01-13T19:03:28+00:00,NAVSTAR 69 (USA 248),73.38102491627942,80.17601885677752,73.21933391934036,82.67269624569403,2.5019076647266796,79.12202207297095
2026-01-13T19:03:29+00:00,NAVSTAR 69 (USA 248),73.37632282947898,80.19867185382105,73.22247087644485,82.67408860585225,2.4801932424085593,79.44910804226967
2026-01-13T19:03:30+00:00,NAVSTAR 69 (USA 248),73.37161888102706,80.22131449517602,73.22560784335114,82.67548095385798,2.4585060972148898,79.77404490473548
2026-01-13T19:03:31+00:00,NAVSTAR 69 (USA 248),73.36691307233197,80.2439467850258,73.22874482005444,82.67687328971185,2.4368467007879904,80.0968063325779
2026-01-13T19:03:32+00:00,NAVSTAR 69 (USA 248),73.36220540477468,80.26656872763843,73.23188180655663,82.67826561341712,2.4152155409253147,80.4173662003682
2026-01-13T19:03:33+00:00,NAVSTAR 69 (USA 248),73.35749587976166,80.28918032721508,73.23501880285383,82.6796579249746,2.393613122406804,80.7356985857938
2026-01-13T19:03:34+00:00,NAVSTAR 69 (USA 248),73.35278449867249,80.31178158800466,73.23815580894225,82.68105022438525,2.372039967590338,81.05177777432492
2026-01-13T19:03:35+00:00,NAVSTAR 69 (USA 248),73.34807126291936,80.33437251421698,73.24129282482369,82.68244251165233,2.3504966172488264,81.3655782607861
2026-01-13T19:03:36+00:00,NAVSTAR 69 (USA 248),73.34335617387711,80.3569531101167,73.24442985049254,82.6838347867759,2.328983631250059,81.67707475374196
2026-01-13T19:03:37+00:00,NAVSTAR 69 (USA 248),73.33863923294467,80.37952337994028,73.24756688595048,82.68522704975938,2.3075015894695015,81.98624217701
2026-01-13T19:03:38+00:00,NAVSTAR 69 (USA 248),73.33392044150841,80.40208332794239,73.25070393119287,82.68661930060306,2.28605109259826,82.29305567326554
2026-01-13T19:03:39+00:00,NAVSTAR 69 (USA 248),73.32919980096702,80.42463295835796,73.25384098621866,82.68801153930907,2.264632763091744,82.59749060620358
2026-01-13T19:03:40+00:00,NAVSTAR 69 (USA 248),73.32447731269708,80.44717227545917,73.25697805102594,82.68940376587925,2.2432472460604096,82.89952256414709
2026-01-13T19:03:41+00:00,NAVSTAR 69 (USA 248),73.31975297810382,80.46970128347081,73.26011512561372,82.6907959803155,2.2218952103556155,83.19912736153408
2026-01-13T19:03:42+00:00,NAVSTAR 69 (USA 248),73.31502679855083,80.49221998670781,73.26325220997717,82.69218818261842,2.2005773494790346,83.49628104357618
2026-01-13T19:03:43+00:00,NAVSTAR 69 (USA 248),73.31029877544047,80.51472838940192,73.2663893041182,82.69358037279127,2.1792943828660474,83.79095988638677
2026-01-13T19:03:44+00:00,NAVSTAR 69 (USA 248),73.30556891014831,80.5372264958413,73.26952640803107,82.69497255083408,2.158047056900242,84.08314040163985
2026-01-13T19:03:45+00:00,NAVSTAR 69 (USA 248),73.30083720406651,80.55971431029253,73.2726635217176,82.69636471675021,2.136836146220119,84.37279933795297
2026-01-13T19:03:46+00:00,NAVSTAR 69 (USA 248),73.2961036585776,80.582191837016,73.27580064517203,82.6977568705396,2.115662454982149,84.6599136837335
2026-01-13T19:03:47+00:00,NAVSTAR 69 (USA 248),73.29136827505322,80.60465908032761,73.2789377783964,82.69914901220578,2.0945268181587378,84.94446067041169
2026-01-13T19:03:48+00:00,NAVSTAR 69 (USA 248),73.28663105489032,80.62711604447978,73.28207492138573,82.70054114174896,2.073430103075148,85.22641777337255
2026-01-13T19:03:49+00:00,NAVSTAR 69 (USA 248),73.28189199945575,80.64956273379624,73.2852120741391,82.70193325917143,2.052373210779341,85.50576271612303
2026-01-13T19:03:50+00:00,NAVSTAR 69 (USA 248),73.27715111013804,80.67199915254453,73.28834923665546,82.70332536447516,2.031357077747277,85.78247347099236
2026-01-13T19:03:51+00:00,NAVSTAR 69 (USA 248),73.27240838831139,80.69442530502975,73.29148640893118,82.70471745766106,2.0103826774526756,86.0565282627352
2026-01-13T19:03:52+00:00,NAVSTAR 69 (USA 248),73.2676638353582,80.7168411955532,73.29462359096593,82.7061095387316,1.9894510221651966,86.32790557024634
2026-01-13T19:03:53+00:00,NAVSTAR 69 (USA 248),73.2629174526445,80.73924682842708,73.29776078275513,82.70750160768726,1.9685631647812907,86.59658412906025
2026-01-13T19:03:54+00:00,NAVSTAR 69 (USA 248),73.25816924155471,80.76164220795103,73.3008979843006,82.70889366453129,1.947720200801592,86.86254293321413
2026-01-13T19:03:55+00:00,NAVSTAR 69 (USA 248),73.25341920346443,80.78402733842871,73.30403519559657,82.71028570926384,1.9269232703644232,87.1257612377237
2026-01-13T19:03:56+00:00,NAVSTAR 69 (USA 248),73.24866733975051,80.80640222417486,73.30717241664492,82.71167774188815,1.906173560413656,87.38621856073351
2026-01-13T19:03:57+00:00,NAVSTAR 69 (USA 248),73.24391365177345,80.8287668695334,73.31030964743994,82.71306976240425,1.8854723069623682,87.64389468591861
2026-01-13T19:03:58+00:00,NAVSTAR 69 (USA 248),73.23915814092126,80.85112127879411,73.31344688798346,82.71446177081556,1.8648207975960616,87.89876966343998
2026-01-13T19:03:59+00:00,NAVSTAR 69 (USA 248),73.23440080854823,80.87346545631549,73.31658413827068,82.71585376712235,1.8442203738930047,88.15082381355569
2026-01-13T19:04:00+00:00,NAVSTAR 69 (USA 248),73.22964165603767,80.89579940641158,73.31972139830066,82.71724575132687,1.8236724342302886,88.40003772716388
2026-01-13T19:04:01+00:00,NAVSTAR 69 (USA 248),73.22488068475876,80.91812313339672,73.32285866807138,82.71863772343067,1.8031784365777976,88.64639226831967
2026-01-13T19:04:02+00:00,NAVSTAR 69 (USA 248),73.22011789607711,80.94043664163488,73.32599594758203,82.72002968343597,1.7827399014487062,88.88986857670942
2026-01-13T19:04:03+00:00,NAVSTAR 69 (USA 248),73.21535329135638,80.96273993545603,73.32913323682756,82.72142163134306,1.762358415147021,89.13044806853736
2026-01-13T19:04:04+00:00,NAVSTAR 69 (USA 248),73.21058687196876,80.98503301921389,73.33227053581014,82.7228135671554,1.742035633059715,89.36811243897631
2026-01-13T19:04:05+00:00,NAVSTAR 69 (USA 248),73.20581863927949,81.007315897237,73.33540784452563,82.72420549087374,1.7217732832328554,89.60284366343838
2026-01-13T19:04:06+00:00,NAVSTAR 69 (USA 248),73.20104859464789,81.02958857389358,73.33854516297039,82.72559740249899,1.7015731700423509,89.8346240000249
2026-01-13T19:04:07+00:00,NAVSTAR 69 (USA 248),73.19627673944618,81.0518510535205,73.34168249114626,82.72698930203448,1.6814371782085642,90.0634359903864
2026-01-13T19:04:08+00:00,NAVSTAR 69 (USA 248),73.19150307503422,81.07410334048345,73.34481982904744,82.72838118948017,1.6613672768964691,90.28926246211981
2026-01-13T19:04:09+00:00,NAVSTAR 69 (USA 248),73.18672760277539,81.09634543914359,73.34795717667585,82.72977306483935,1.6413655241554845,90.5120865299194
2026-01-13T19:04:10+00:00,NAVSTAR 69 (USA 248),73.18195032402623,81.11857735387359,73.35109453402669,82.7311649281126,1.6214340715449236,90.73189159739516
2026-01-13T19:04:11+00:00,NAVSTAR 69 (USA 248),73.17717124016036,81.14079908901499,73.35423190109894,82.73255677930194,1.601575169088128,90.9486613581035
2026-01-13T19:04:12+00:00,NAVSTAR 69 (USA 248),73.17239035251558,81.1630106489726,73.35736927789073,82.73394861840902,1.5817911703666667,91.1623797980209
2026-01-13T19:04:13+00:00,NAVSTAR 69 (USA 248),73.16760766246995,81.1852120380956,73.36050666440103,82.73534044543585,1.5620845381058084,91.37303119577423
2026-01-13T19:04:14+00:00,NAVSTAR 69 (USA 248),73.16282317137004,81.20740326076913,73.36364406062496,82.73673226038298,1.5424578498685295,91.58060012496856
2026-01-13T19:04:15+00:00,NAVSTAR 69 (USA 248),73.15803688058021,81.22958432137553,73.36678146656465,82.73812406325374,1.5229138041937198,91.78507145512529
2026-01-13T19:04:16+00:00,NAVSTAR 69 (USA 248),73.15324879145217,81.25175522428887,73.36991888221404,82.73951585404795,1.503455227032681,91.98643035298919
2026-01-13T19:04:17+00:00,NAVSTAR 69 (USA 248),73.14845890533607,81.27391597393137,73.37305630757524,82.74090763276921,1.4840850784885564,92.18466228428875
2026-01-13T19:04:18+00:00,NAVSTAR 69 (USA 248),73.14366722359414,81.29606657465116,73.37619374264241,82.74229939941738,1.4648064600799549,92.37975301384293
2026-01-13T19:04:19+00:00,NAVSTAR 69 (USA 248),73.13887374757337,81.31820703086635,73.37933118741746,82.74369115399578,1.4456226221495267,92.57168860806829
2026-01-13T19:04:20+00:00,NAVSTAR 69 (USA 248),73.13407847863125,81.34033734695836,73.38246864189558,82.7450828965049,1.4265369718928678,92.76045543517228
2026-01-13T19:04:21+00:00,NAVSTAR 69 (USA 248),73.12928141812083,81.36245752733613,73.38560610607577,82.74647462694676,1.4075530816526325,92.94604016680526
2026-01-13T19:04:22+00:00,NAVSTAR 69 (USA 248),73.12448256739079,81.38456757639416,73.38874357995705,82.74786634532349,1.388674697734053,93.1284297787267
2026-01-13T19:04:23+00:00,NAVSTAR 69 (USA 248),73.11968192778168,81.40666749856419,73.39188106353558,82.74925805163586,1.3699057495690965,93.30761155231835
2026-01-13T19:04:24+00:00,NAVSTAR 69 (USA 248),73.11487950065246,81.42875729823089,73.39501855681137,82.75064974588645,1.3512503594650402,93.48357307476786
2026-01-13T19:04:25+00:00,NAVSTAR 69 (USA 248),73.11007528734257,81.45083697982363,73.39815605977958,82.75204142807553,1.3327128526424674,93.65630224084042
2026-01-13T19:04:26+00:00,NAVSTAR 69 (USA 248),73.1052692892082,81.47290654774238,73.40129357244211,82.75343309820668,1.3142977679004706,93.82578725307106
2026-01-13T19:04:27+00:00,NAVSTAR 69 (USA 248),73.10046150758912,81.49496600641426,73.40443109479313,82.75482475627963,1.2960098686187984,93.99201662315194
2026-01-13T19:04:28+00:00,NAVSTAR 69 (USA 248),73.09565194383171,81.51701536026162,73.40756862683473,82.7562164022979,1.2778541543225448,94.15497917238214
2026-01-13T19:04:29+00:00,NAVSTAR 69 (USA 248),73.09084059928209,81.53905461370097,73.41070616856089,82.75760803626137,1.2598358726610894,94.31466403250556
2026-01-13T19:04:30+00:00,NAVSTAR 69 (USA 248),73.08602747527584,81.5610837711952,73.41384371997368,82.75899965817345,1.2419605318055342,94.47106064674557
2026-01-13T19:04:31+00:00,NAVSTAR 69 (USA 248),73.08121257316361,81.58310283713288,73.41698128106826,82.76039126803451,1.2242339134098394,94.62415876959561
2026-01-13T19:04:32+00:00,NAVSTAR 69 (USA 248),73.07639589428472,81.6051118159659,73.42011885184363,82.76178286584667,1.206662085749498,94.7739484684903
2026-01-13T19:04:33+00:00,NAVSTAR 69 (USA 248),73.07157743997737,81.6271107121307,73.42325643229789,82.76317445161153,1.1892514174062376,94.92042012377244
2026-01-13T19:04:34+00:00,NAVSTAR 69 (USA 248),73.06675721157961,81.6490995300771,73.42639402243002,82.7645660253312,1.1720085911601241,95.06356442946063
2026-01-13T19:04:35+00:00,NAVSTAR 69 (USA 248),73.06193521043467,81.67107827423115,73.42953162223522,82.76595758700611,1.1549406181753308,95.20337239349767
2026-01-13T19:04:36+00:00,NAVSTAR 69 (USA 248),73.05711143788018,81.69304694904879,73.43266923171538,82.76734913663961,1.1380548522688951,95.3398353385406
2026-01-13T19:04:37+00:00,NAVSTAR 69 (USA 248),73.05228589525184,81.71500555896894,73.43580685086478,82.76874067423157,1.1213590043031711,95.47294490210064
2026-01-13T19:04:38+00:00,NAVSTAR 69 (USA 248),73.04745858387824,81.73695410847054,73.43894447968525,82.77013219978544,1.104861156430483,95.60269303723634
2026-01-13T19:04:39+00:00,NAVSTAR 69 (USA 248),73.0426295051024,81.75889260198325,73.442082118173,82.77152371330189,1.0885697762198625,95.72907201235742
2026-01-13T19:04:40+00:00,NAVSTAR 69 (USA 248),73.03779866025268,81.78082104398152,73.44521976632416,82.77291521478196,1.072493730242152,95.85207441208978
2026-01-13T19:04:41+00:00,NAVSTAR 69 (USA 248),73.03296605067037,81.8027394389099,73.44835742414062,82.77430670422889,1.056642297181472,95.97169313702332
2026-01-13T19:04:42+00:00,NAVSTAR 69 (USA 248),73.0281316776824,81.82464779124128,73.45149509161752,82.77569818164302,1.0410251799750647,96.0879214043232
2026-01-13T19:04:43+00:00,NAVSTAR 69 (USA 248),73.02329554262204,81.84654610544109,73.45463276875404,82.77708964702647,1.0256525169049748,96.20075274762995
2026-01-13T19:04:44+00:00,NAVSTAR 69 (USA 248),73.01845764681042,81.8684343859874,73.45777045554804,82.77848110038094,1.0105348911835887,96.31018101729026
2026-01-13T19:04:45+00:00,NAVSTAR 69 (USA 248),73.01361799159179,81.89031263733693,73.46090815199871,82.77987254170846,0.9956833387489842,96.41620038030693
2026-01-13T19:04:46+00:00,NAVSTAR 69 (USA 248),73.00877657828337,81.91218086397213,73.46404585810116,82.78126397100935,0.981109353784421,96.51880532055522
2026-01-13T19:04:47+00:00,NAVSTAR 69 (USA 248),73.00393340821938,81.93403907037103,73.46718357385733,82.78265538828713,0.9668248915895045,96.61799063865087
2026-01-13T19:04:48+00:00,NAVSTAR 69 (USA 248),72.99908848272484,81.9558872610153,73.47032129926143,82.78404679354162,0.9528423682305512,96.7137514519601
2026-01-13T19:04:49+00:00,NAVSTAR 69 (USA 248),72.99424180312327,81.97772544038726,73.47345903431534,82.78543818677625,0.9391746564673846,96.80608319442233
2026-01-13T19:04:50+00:00,NAVSTAR 69 (USA 248),72.98939337073661,81.99955361297337,73.47659677901336,82.78682956799094,0.9258350773141526,96.8949816165334
2026-01-13T19:04:51+00:00,NAVSTAR 69 (USA 248),72.98454318689345,82.02137178327084,73.47973453335732,82.78822093718901,0.9128373866564173,96.98044278514712
2026-01-13T19:04:52+00:00,NAVSTAR 69 (USA 248),72.97969125292158,82.04317995574725,73.48287229734242,82.78961229437093,0.9001957562706352,97.06246308310223
2026-01-13T19:04:53+00:00,NAVSTAR 69 (USA 248),72.97483757012851,82.06497813493758,73.48601007096772,82.79100363953863,0.8879247484699512,97.1410392093655
2026-01-13T19:04:54+00:00,NAVSTAR 69 (USA 248),72.96998213985007,82.08676632529789,73.48914785423128,82.79239497269393,0.8760392839450231,97.2161681781541
2026-01-13T19:04:55+00:00,NAVSTAR 69 (USA 248),72.96512496340131,82.10854453135305,73.49228564713202,82.79378629383876,0.8645546018187426,97.2878473192029
2026-01-13T19:04:56+00:00,NAVSTAR 69 (USA 248),72.96026604210579,82.1303127575799,73.49542344966632,82.79517760297402,0.8534862116682718,97.35607427691191
2026-01-13T19:04:57+00:00,NAVSTAR 69 (USA 248),72.95540537727246,82.15207100850829,73.49856126183293,82.79656890010178,0.8428498366857087,97.42084701032131
2026-01-13T19:04:58+00:00,NAVSTAR 69 (USA 248),72.95054297022502,82.17381928863816,73.50169908363111,82.79796018522404,0.8326613478095065,97.48216379237745
2026-01-13T19:04:59+00:00,NAVSTAR 69 (USA 248),72.94567882227422,82.19555760248673,73.50483691505592,82.79935145834129,0.8229366883855577,97.54002320958857
2026-01-13T19:05:00+00:00,NAVSTAR 69 (USA 248),72.94081293473891,82.21728595455983,73.50797475610929,82.80074271945682,0.8136917893921684,97.59442416138268
2026-01-13T19:05:01+00:00,NAVSTAR 69 (USA 248),72.93594530894595,82.2390043493569,73.51111260678549,82.80213396857052,0.8049424752985197,97.64536585965752
2026-01-13T19:05:02+00:00,NAVSTAR 69 (USA 248),72.93107594619389,82.26071279141914,73.51425046708636,82.80352520568582,0.7967043610400166,97.69284782812608
2026-01-13T19:05:03+00:00,NAVSTAR 69 (USA 248),72.92620484780235,82.28241128525175,73.51738833700712,82.80491643080309,0.7889927408005376,97.73686990163799
2026-01-13T19:05:04+00:00,NAVSTAR 69 (USA 248),72.92133201507554,82.30409983540196,73.5205262165468,82.80630764392441,0.7818224696295913,97.77743222559226
2026-01-13T19:05:05+00:00,NAVSTAR 69 (USA 248),72.91645744933268,82.32577844637021,73.52366410570347,82.80769884505135,0.7752078393605074,97.81453525503619
2026-01-13T19:05:06+00:00,NAVSTAR 69 (USA 248),72.91158115187578,82.34744712270992,73.52680200447614,82.80909003418603,0.7691624504553296,97.84817975412288
2026-01-13T19:05:07+00:00,NAVSTAR 69 (USA 248),72.90670312403022,82.36910586891109,73.52993991286002,82.81048121132876,0.7636990819983993,97.87836679511459
2026-01-13T19:05:08+00:00,NAVSTAR 69 (USA 248),72.90182336708696,82.39075468954704,73.53307783085693,82.81187237648298,0.7588295620755579,97.9050977577231
2026-01-13T19:05:09+00:00,NAVSTAR 69 (USA 248),72.89694188236669,82.4123935891202,73.53621575846128,82.81326352964867,0.7545646412841641,97.92837432810437
2026-01-13T19:05:10+00:00,NAVSTAR 69 (USA 248),72.89205867116347,82.43402257220242,73.53935369567475,82.81465467082904,0.7509138720665396,97.94819849804827
2026-01-13T19:05:11+00:00,NAVSTAR 69 (USA 248),72.88717373478943,82.45564164330747,73.54249164249175,82.8160458000241,0.747885496806815,97.96457256394406
2026-01-13T19:05:12+00:00,NAVSTAR 69 (USA 248),72.88228707455386,82.47725080698939,73.54562959891415,82.81743691723733,0.7454863474472921,97.97749912590386
2026-01-13T19:05:13+00:00,NAVSTAR 69 (USA 248),72.87739869175843,82.49885006779165,73.54876756493805,82.81882802246926,0.7437217593657832,97.98698108665805
2026-01-13T19:05:14+00:00,NAVSTAR 69 (USA 248),72.87250858769464,82.52043943026938,73.55190554056057,82.82021911572124,0.7425955018535525,97.99302165050457
2026-01-13T19:05:15+00:00,NAVSTAR 69 (USA 248),72.86761676367453,82.5420188989653,73.55504352578073,82.82161019699542,0.7421097271926731,97.99562432231323
2026-01-13T19:05:16+00:00,NAVSTAR 69 (USA 248),72.8627232210034,82.563588478415,73.55818152059663,82.82300126629326,0.7422649398886322,97.9947929063109
2026-01-13T19:05:17+00:00,NAVSTAR 69 (USA 248),72.85782796097352,82.5851481731981,73.56131952500729,82.82439232361689,0.7430599869299139,97.99053150497507
2026-01-13T19:05:18+00:00,NAVSTAR 69 (USA 248),72.85293098488496,82.60669798786301,73.56445753900789,82.82578336896684,0.7444920694241499,97.98284451782594
2026-01-13T19:05:19+00:00,NAVSTAR 69 (USA 248),72.84803229403649,82.6282379269775,73.56759556260026,82.82717440234627,0.7465567752678502,97.97173664019368
2026-01-13T19:05:20+00:00,NAVSTAR 69 (USA 248),72.84313188972742,82.64976799508658,73.57073359577885,82.82856542375521,0.7492481318945456,97.95721286198385
2026-01-13T19:05:21+00:00,NAVSTAR 69 (USA 248),72.83822977324958,82.67128819677029,73.57387163854527,82.82995643319688,0.7525586775969352,97.93927846634361
2026-01-13T19:05:22+00:00,NAVSTAR 69 (USA 248),72.8333259459043,82.69279853657922,73.57700969089406,82.83134743067136,0.7564795493707268,97.91793902842069
2026-01-13T19:05:23+00:00,NAVSTAR 69 (USA 248),72.82842040899143,82.71429901908176,73.58014775282682,82.83273841618187,0.7610005849243731,97.89320041393051
2026-01-13T19:05:24+00:00,NAVSTAR 69 (USA 248),72.82351316378993,82.73578964886414,73.58328582433899,82.8341293897289,0.766110436132511,97.86506877772541
2026-01-13T19:05:25+00:00,NAVSTAR 69 (USA 248),72.81860421160027,82.75727043050001,73.5864239054294,82.83552035131439,0.7717966910652746,97.83355056251774
2026-01-13T19:05:26+00:00,NAVSTAR 69 (USA 248),72.81369355371609,82.77874136854822,73.58956199609626,82.8369113009401,0.778046001799322,97.79865249730608
2026-01-13T19:05:27+00:00,NAVSTAR 69 (USA 248),72.80878119142321,82.80020246760118,73.59270009633855,82.83830223860798,0.7848442151372684,97.76038159590107
2026-01-13T19:05:28+00:00,NAVSTAR 69 (USA 248),72.80386712602147,82.82165373221602,73.59583820615244,82.8396931643189,0.7921765036116631,97.71874515551981
2026-01-13T19:05:29+00:00,NAVSTAR 69 (USA 248),72.79895135878522,82.84309516700472,73.59897632553692,82.84108407807489,0.8000274944680047,97.67375075500887
2026-01-13T19:05:30+00:00,NAVSTAR 69 (USA 248),72.7940338910122,82.8645267765361,73.60211445449103,82.84247497987796,0.8083813943975372,97.62540625353707
2026-01-13T19:05:31+00:00,NAVSTAR 69 (USA 248),72.78911472399066,82.88594856538755,73.60525259300996,82.84386586972853,0.8172221084388835,97.57371978884083
2026-01-13T19:05:32+00:00,NAVSTAR 69 (USA 248),72.78419385900229,82.90736053816434,73.60839074109563,82.84525674762993,0.8265333515661273,97.51869977552758
2026-01-13T19:05:33+00:00,NAVSTAR 69 (USA 248),72.77927129734442,82.92876269942344,73.61152889874228,82.8466476135821,0.8362987518866946,97.46035490364888
2026-01-13T19:05:34+00:00,NAVSTAR 69 (USA 248),72.77434704028286,82.95015505380604,73.61466706595174,82.84803846758832,0.8465019449008353,97.39869413657567
2026-01-13T19:05:35+00:00,NAVSTAR 69 (USA 248),72.76942108911312,82.97153760587383,73.61780524271934,82.84942930964905,0.8571266581416418,97.33372670980337
2026-01-13T19:05:36+00:00,NAVSTAR 69 (USA 248),72.76449344511639,82.99291036023233,73.62094342904393,82.85082013976627,0.8681567863707504,97.265462128812
2026-01-13T19:05:37+00:00,NAVSTAR 69 (USA 248),72.75956410957268,83.0142733214786,73.62408162492373,82.8522109579416,0.8795764571792262,97.19391016741754
2026-01-13T19:05:38+00:00,NAVSTAR 69 (USA 248),72.75463308376749,83.0356264942154,73.62721983035773,82.85360176417709,0.8913700873769943,97.11908086598551
2026-01-13T19:05:39+00:00,NAVSTAR 69 (USA 248),72.74970036897203,83.05696988304324,73.63035804534108,82.8549925584732,0.9035224305949534,97.0409845295082
2026-01-13T19:05:40+00:00,NAVSTAR 69 (USA 248),72.74476596647092,83.07830349257618,73.63349626987574,82.85638334083318,0.9160186165901052,96.95963172583062
2026-01-13T19:05:41+00:00,NAVSTAR 69 (USA 248),72.73982987754181,83.09962732740316,73.63663450395589,82.85777411125696,0.9288441829058082,96.87503328377684
2026-01-13T19:05:42+00:00,NAVSTAR 69 (USA 248),72.73489210345615,83.12094139215866,73.63977274758346,82.85916486974791,0.9419850995646003,96.78720029103678
2026-01-13T19:05:43+00:00,NAVSTAR 69 (USA 248),72.72995264551035,83.14224569140505,73.64291100075269,82.86055561630594,0.9554277873372409,96.69614409272012
2026-01-13T19:05:44+00:00,NAVSTAR 69 (USA 248),72.72501150495668,83.1635402298103,73.64604926346549,82.86194635093435,0.9691591305736946,96.60187628852553
2026-01-13T19:05:45+00:00,NAVSTAR 69 (USA 248),72.7200686830813,83.18482501196581,73.64918753571797,82.86333707363394,0.9831664847917523,96.50440873167557
2026-01-13T19:05:46+00:00,NAVSTAR 69 (USA 248),72.71512418115366,83.20610004247854,73.65232581750632,82.86472778440547,0.9974376801404798,96.40375352637001
2026-01-13T19:05:47+00:00,NAVSTAR 69 (USA 248),72.71017800044815,83.22736532598508,73.65546410883238,82.8661184832523,1.0119610210322303,96.2999230258105
2026-01-13T19:05:48+00:00,NAVSTAR 69 (USA 248),72.7052301422402,83.24862086707927,73.65860240969151,82.86750917017481,1.0267252825671789,96.19292983035575
2026-01-13T19:05:49+00:00,NAVSTAR 69 (USA 248),72.70028060779707,83.26986667040946,73.66174072008346,82.8688998451754,1.0417197043619886,96.08278678506629
2026-01-13T19:05:50+00:00,NAVSTAR 69 (USA 248),72.6953293983882,83.29110274058274,73.6648790400036,82.87029050825444,1.0569339820602244,95.96950697796032
2026-01-13T19:05:51+00:00,NAVSTAR 69 (USA 248),72.69037651528129,83.31232908224996,73.6680173694538,82.8716811594153,1.0723582571350272,95.85310373755982
2026-01-13T19:05:52+00:00,NAVSTAR 69 (USA 248),72.6854219597462,83.33354570001309,73.67115570842826,82.87307179865788,1.0879831051629842,95.73359063111307
2026-01-13T19:05:53+00:00,NAVSTAR 69 (USA 248),72.68046573304657,83.35475259851911,73.67429405692893,82.87446242598551,1.1037995230942823,95.61098146199049
2026-01-13T19:05:54+00:00,NAVSTAR 69 (USA 248),72.67550783645457,83.3759497823835,73.67743241494999,82.87585304139813,1.1197989155814594,95.48529026791542
2026-01-13T19:05:55+00:00,NAVSTAR 69 (USA 248),72.67054827123384,83.39713725625597,73.68057078249338,82.87724364489905,1.1359730808345587,95.35653131832188
2026-01-13T19:05:56+00:00,NAVSTAR 69 (USA 248),72.66558703864803,83.41831502475493,73.68370915955428,82.8786342364886,1.1523141959996972,95.2247191124804
2026-01-13T19:05:57+00:00,NAVSTAR 69 (USA 248),72.66062413996629,83.43948309252663,73.68684754613172,82.88002481616876,1.1688148024161464,95.08986837700954
2026-01-13T19:05:58+00:00,NAVSTAR 69 (USA 248),72.65565957644583,83.46064146419997,73.68998594222377,82.88141538394134,1.185467790787744,94.95199406366311
2026-01-13T19:05:59+00:00,NAVSTAR 69 (USA 248),72.65069334934297,83.48179014444013,73.69312434782945,82.88280593980825,1.2022663864568457,94.81111134688483
2026-01-13T19:06:00+00:00,NAVSTAR 69 (USA 248),72.64572545992286,83.5029291378731,73.69626276294393,82.88419648376976,1.2192041347914442,94.66723562189244
2026-01-13T19:06:01+00:00,NAVSTAR 69 (USA 248),72.64075590945187,83.52405844913572,73.69940118756926,82.88558701582946,1.2362748869197395,94.52038250203309
2026-01-13T19:06:02+00:00,NAVSTAR 69 (USA 248),72.63578469917907,83.54517808288843,73.70253962170136,82.88697753598785,1.2534727857699013,94.37056781629332
2026-01-13T19:06:03+00:00,NAVSTAR 69 (USA 248),72.63081183037347,83.56628804375546,73.70567806533657,82.88836804424588,1.2707922524153252,94.2178076074371
2026-01-13T19:06:04+00:00,NAVSTAR 69 (USA 248),72.62583730428767,83.58738833641095,73.70881651847672,82.8897585406068,1.2882279729765507,94.06211812892278
2026-01-13T19:06:05+00:00,NAVSTAR 69 (USA 248),72.6208611221764,83.6084789654878,73.71195498111605,82.89114902507048,1.3057748858187475,93.90351584312761
2026-01-13T19:06:06+00:00,NAVSTAR 69 (USA 248),72.6158832852859,83.62955993567061,73.71509345325647,82.8925394976403,1.3234281693557381,93.74201741831352
2026-01-13T19:06:07+00:00,NAVSTAR 69 (USA 248),72.6109037948859,83.65063125157405,73.7182319348932,82.8939299583166,1.3411832301626492,93.57763972711332
2026-01-13T19:06:08+00:00,NAVSTAR 69 (USA 248),72.60592265222495,83.67169291787076,73.72137042602523,82.89532040710141,1.3590356917882298,93.41039984303747
2026-01-13T19:06:09+00:00,NAVSTAR 69 (USA 248),72.60093985855367,83.6927449392166,73.72450892665063,82.89671084399633,1.3769813838746716,93.24031503857945
2026-01-13T19:06:10+00:00,NAVSTAR 69 (USA 248),72.59595541512739,83.71378732027202,73.72764743676846,82.89810126900348,1.3950163318327584,93.06740278263189
2026-01-13T19:06:11+00:00,NAVSTAR 69 (USA 248),72.59096932319203,83.73482006569581,73.7307859563739,82.89949168212307,1.4131367469853358,92.89168073793591
2026-01-13T19:06:12+00:00,NAVSTAR 69 (USA 248),72.58598158399732,83.75584318015994,73.73392448546885,82.90088208335861,1.4313390171732892,92.71316675852866
2026-01-13T19:06:13+00:00,NAVSTAR 69 (USA 248),72.58099219880086,83.77685666830352,73.73706302404754,82.90227247270977,1.4496196977721194,92.53187888759044
2026-01-13T19:06:14+00:00,NAVSTAR 69 (USA 248),72.57600116883752,83.79786053482339,73.74020157211189,82.90366285018007,1.4679755032716522,92.34783535404962
2026-01-13T19:06:15+00:00,NAVSTAR 69 (USA 248),72.57100849536162,83.81885478437114,73.74334012965606,82.90505321576923,1.486403299090385,92.16105457104773
2026-01-13T19:06:16+00:00,NAVSTAR 69 (USA 248),72.56601417962823,83.839839421609,73.74647869668216,82.9064435694808,1.5049000939575714,91.97155513282091
2026-01-13T19:06:17+00:00,NAVSTAR 69 (USA 248),72.56101822286526,83.86081445121911,73.74961727318514,82.9078339113149,1.523463032652074,91.77935581190249
2026-01-13T19:06:18+00:00,NAVSTAR 69 (USA 248),72.55602062633054,83.88177987786024,73.7527558591642,82.90922424127372,1.5420893890308844,91.58447555721261
2026-01-13T19:06:19+00:00,NAVSTAR 69 (USA 248),72.551021391263,83.90273570621227,73.75589445461829,82.9106145593593,1.5607765595471954,91.38693349079799
2026-01-13T19:06:20+00:00,NAVSTAR 69 (USA 248),72.54602051890397,83.92368194094927,73.7590330595436,82.91200486557226,1.5795220570135684,91.18674890557617
2026-01-13T19:06:21+00:00,NAVSTAR 69 (USA 248),72.54101801049775,83.944618586748,73.76217167393912,82.91339515991476,1.598323504734255,90.98394126263779
2026-01-13T19:06:22+00:00,NAVSTAR 69 (USA 248),72.53601386728357,83.9655456482862,73.76531029780296,82.91478544238832,1.6171786309453382,90.77853018857367
2026-01-13T19:06:23+00:00,NAVSTAR 69 (USA 248),72.53100809049825,83.98646313024949,73.76844893113415,82.91617571299503,1.636085263550438,90.57053547279574
2026-01-13T19:06:24+00:00,NAVSTAR 69 (USA 248),72.52600068139223,84.00737103728751,73.77158757392783,82.91756597173531,1.655041325091226,90.35997706536463
2026-01-13T19:06:25+00:00,NAVSTAR 69 (USA 248),72.5209916411873,84.02826937412961,73.77472622618599,82.91895621861234,1.674044828140972,90.14687507307289
2026-01-13T19:06:26+00:00,NAVSTAR 69 (USA 248),72.51598097113104,84.04915814542726,73.77786488790281,82.92034645362607,1.6930938706859449,89.93124975846204
2026-01-13T19:06:27+00:00,NAVSTAR 69 (USA 248),72.51096867245526,84.07003735588096,73.7810035590802,82.92173667677982,1.7121866320201684,89.71312153578249
2026-01-13T19:06:28+00:00,NAVSTAR 69 (USA 248),72.50595474639974,84.09090701016085,73.78414223971332,82.92312688807391,1.7313213686674813,89.49251096917709
2026-01-13T19:06:29+00:00,NAVSTAR 69 (USA 248),72.50093919419596,84.11176711297061,73.78728092980136,82.92451708751035,1.7504964106548953,89.26943876930676
2026-01-13T19:06:30+00:00,NAVSTAR 69 (USA 248),72.49592201707551,84.13261766899024,73.79041962934213,82.92590727509071,1.7697101578815408,89.04392579119408
2026-01-13T19:06:31+00:00,NAVSTAR 69 (USA 248),72.49090321628233,84.15345868289546,73.79355833833488,82.92729745081718,1.7889610767318154,88.81599303146515
2026-01-13T19:06:32+00:00,NAVSTAR 69 (USA 248),72.48588279303121,84.17429015940769,73.79669705677473,82.92868761469002,1.8082476969266714,88.58566162489753
2026-01-13T19:06:33+00:00,NAVSTAR 69 (USA 248),72.48086074856629,84.19511210319781,73.79983578466361,82.93007776671244,1.8275686083797047,88.35295284293544
2026-01-13T19:06:34+00:00,NAVSTAR 69 (USA 248),72.47583708411125,84.21592451896666,73.80297452199572,82.93146790688449,1.8469224584037534,88.11788808995871
2026-01-13T19:06:35+00:00,NAVSTAR 69 (USA 248),72.47081180089782,84.23672741141041,73.80611326877299,82.93285803520936,1.8663079489474657,87.88048890100318
2026-01-13T19:06:36+00:00,NAVSTAR 69 (USA 248),72.46578490014906,84.25752078523344,73.80925202499157,82.93424815168788,1.885723834028509,87.64077693884677
2026-01-13T19:06:37+00:00,NAVSTAR 69 (USA 248),72.46075638310175,84.27830464511041,73.81239079064758,82.9356382563207,1.9051689172478559,87.3987739917698
2026-01-13T19:06:38+00:00,NAVSTAR 69 (USA 248),72.45572625097397,84.29907899576426,73.81552956574298,82.93702834911122,1.9246420495522714,87.1545019698265
2026-01-13T19:06:39+00:00,NAVSTAR 69 (USA 248),72.45069450499581,84.31984384187945,73.8186683502729,82.93841843005981,1.9441421269504038,86.90798290319263
2026-01-13T19:06:40+00:00,NAVSTAR 69 (USA 248),72.44566114638333,84.3405991881822,73.8218071442365,82.93980849916832,1.9636680885107,86.6592389384225
2026-01-13T19:06:41+00:00,NAVSTAR 69 (USA 248),72.44062617637117,84.36134503935153,73.82494594763166,82.9411985564385,1.983218914298919,86.40829233682571
2026-01-13T19:06:42+00:00,NAVSTAR 69 (USA 248),72.43558959616861,84.38208140011471,73.82808476045764,82.94258860187239,2.0027936236067507,86.15516547044047
2026-01-13T19:06:43+00:00,NAVSTAR 69 (USA 248),72.43055140701155,84.4028082751465,73.83122358270941,82.94397863547017,2.022391273065709,85.8998808207053
2026-01-13T19:06:44+00:00,NAVSTAR 69 (USA 248),72.42551161011994,84.42352566916267,73.83436241438902,82.94536865723529,2.042010955063589,85.64246097440675
2026-01-13T19:06:45+00:00,NAVSTAR 69 (USA 248),72.42047020669807,84.44423358689137,73.83750125549066,82.94675866716753,2.0616517961198415,85.38292862125233
2026-01-13T19:06:46+00:00,NAVSTAR 69 (USA 248),72.41542719798312,84.4649320330222,73.84064010601627,82.94814866527031,2.081312955303225,85.12130655197701
2026-01-13T19:06:47+00:00,NAVSTAR 69 (USA 248),72.41038258518118,84.48562101227841,73.84377896596007,82.94953865154352,2.1009936228820165,84.85761765438917
2026-01-13T19:06:48+00:00,NAVSTAR 69 (USA 248),72.40533636952154,84.50630052935846,73.84691783532394,82.95092862599036,2.1206930188813033,84.59188491160361
2026-01-13T19:06:49+00:00,NAVSTAR 69 (USA 248),72.4002885522083,84.5269705889791,73.85005671410309,82.95231858861118,2.1404103918422988,84.32413139849645
2026-01-13T19:06:50+00:00,NAVSTAR 69 (USA 248),72.39523913446554,84.54763119585753,73.85319560229658,82.95370853940805,2.1601450175470447,84.05438027948976
2026-01-13T19:06:51+00:00,NAVSTAR 69 (USA 248),72.39018811750299,84.56828235470634,73.85633449990341,82.95509847838295,2.179896197862552,83.78265480555463
2026-01-13T19:06:52+00:00,NAVSTAR 69 (USA 248),72.3851355025376,84.58892407023443,73.85947340691968,82.95648840553658,2.199663259609358,83.50897831166986
2026-01-13T19:06:53+00:00,NAVSTAR 69 (USA 248),72.38008129077072,84.6095563471894,73.86261232334462,82.95787832087115,2.2194455535487223,83.23337421339633
2026-01-13T19:06:54+00:00,NAVSTAR 69 (USA 248),72.37502548343375,84.63017919024416,73.86575124917601,82.95926822438804,2.239242453256484,82.9558660057499
2026-01-13T19:06:55+00:00,NAVSTAR 69 (USA 248),72.3699680817191,84.65079260415504,73.86889018441322,82.96065811608942,2.259053354326502,82.6764772581656
2026-01-13T19:06:56+00:00,NAVSTAR 69 (USA 248),72.3649090868471,84.67139659361926,73.8720291290511,82.9620479959755,2.278877673303173,82.39523161389621
2026-01-13T19:06:57+00:00,NAVSTAR 69 (USA 248),72.3598485000251,84.69199116337548,73.87516808309186,82.96343786404961,2.298714846916857,82.11215278578226
2026-01-13T19:06:58+00:00,NAVSTAR 69 (USA 248),72.35478632246395,84.71257631812125,73.8783070465295,82.96482772031172,2.3185643311761703,81.82726455463128
2026-01-13T19:06:59+00:00,NAVSTAR 69 (USA 248),72.34972255536829,84.73315206260436,73.88144601936607,82.96621756476493,2.3384256006587916,81.5405907653346
2026-01-13T19:07:00+00:00,NAVSTAR 69 (USA 248),72.34465719993945,84.75371840154766,73.88458500159675,82.96760739740976,2.358298147694552,81.2521553250586
2026-01-13T19:07:01+00:00,NAVSTAR 69 (USA 248),72.33959025739111,84.77427533966224,73.88772399322052,82.96899721824813,2.3781814816513824,80.96198220048373
2026-01-13T19:07:02+00:00,NAVSTAR 69 (USA 248),72.33452172891965,84.79482288168887,73.89086299423552,82.97038702728172,2.3980751283000616,80.67009541437834
2026-01-13T19:07:03+00:00,NAVSTAR 69 (USA 248),72.32945161573842,84.81536103234109,73.89400200464073,82.97177682451246,2.417978629096928,80.37651904383716
2026-01-13T19:07:04+00:00,NAVSTAR 69 (USA 248),72.32437991904418,84.83588979635354,73.89714102443136,82.97316660994068,2.4378915406184136,80.08127721674617
2026-01-13T19:07:05+00:00,NAVSTAR 69 (USA 248),72.31930664004483,84.85640917844934,73.90028005360931,82.9745563835696,2.457813433927479,79.78439410966982
2026-01-13T19:07:06+00:00,NAVSTAR 69 (USA 248),72.31423177992207,84.87691918338636,73.90341909216886,82.97594614539929,2.477743894061689,79.4858939443431
2026-01-13T19:07:07+00:00,NAVSTAR 69 (USA 248),72.30915533990385,84.89741981586273,73.90655814011181,82.9773358954328,2.4976825193778738,79.18580098669655
2026-01-13T19:07:08+00:00,NAVSTAR 69 (USA 248),72.30407732117384,84.91791108062192,73.9096971974345,82.97872563367109,2.517628921169518,78.88413954217357
2026-01-13T19:07:09+00:00,NAVSTAR 69 (USA 248),72.29899772493101,84.93839298239766,73.91283626413288,82.98011536011478,2.537582723094381,78.58093395423907
2026-01-13T19:07:10+00:00,NAVSTAR 69 (USA 248),72.29391655237572,84.95886552592489,73.91597534020903,82.98150507476718,2.557543560721866,78.2762086014337
2026-01-13T19:07:11+00:00,NAVSTAR 69 (USA 248),72.28883380470548,84.9793287159299,73.91911442565711,82.98289477762822,2.5775110810728252,77.96998789486538
2026-01-13T19:07:12+00:00,NAVSTAR 69 (USA 248),72.28374948310758,84.9997825571716,73.922253520479,82.98428446870113,2.5974849422297988,77.66229627493128
2026-01-13T19:07:13+00:00,NAVSTAR 69 (USA 248),72.27866358878624,85.02022705436418,73.92539262466998,82.98567414798616,2.6174648128434983,77.35315820993304
2026-01-13T19:07:14+00:00,NAVSTAR 69 (USA 248),72.27357612292946,85.04066221226036,73.92853173822998,82.98706381548591,2.637450371826797,77.04259819209278
2026-01-13T19:07:15+00:00,NAVSTAR 69 (USA 248),72.26848708673215,85.06108803558156,73.93167086115422,82.9884534712006,2.6574413079064403,76.73064073603477
2026-01-13T19:07:16+00:00,NAVSTAR 69 (USA 248),72.26339648138796,85.08150452907644,73.93480999344459,82.9898431151335,2.677437319315483,76.41731037534957
2026-01-13T19:07:17+00:00,NAVSTAR 69 (USA 248),72.25830430807929,85.10191169749952,73.93794913509535,82.99123274728451,2.6974381134332863,76.10263166021673
2026-01-13T19:07:18+00:00,NAVSTAR 69 (USA 248),72.25321056801594,85.12230954555459,73.94108828610841,82.9926223676569,2.7174434063904274,75.78662915583163
2026-01-13T19:07:19+00:00,NAVSTAR 69 (USA 248),72.24811526237025,85.1426980780212,73.94422744647798,82.99401197625062,2.737452922886666,75.46932743770346
2026-01-13T19:07:20+00:00,NAVSTAR 69 (USA 248),72.24301839234003,85.16307729961018,73.94736661620591,82.99540157306879,2.7574663957393053,75.15075109142589
2026-01-13T19:07:21+00:00,NAVSTAR 69 (USA 248),72.2379199590999,85.18344721509486,73.95050579528763,82.99679115811196,2.777483565721103,74.83092470808103
2026-01-13T19:07:22+00:00,NAVSTAR 69 (USA 248),72.23281996384969,85.20380782919752,73.9536449837219,82.99818073138188,2.797504181165207,74.50987288354561
2026-01-13T19:07:23+00:00,NAVSTAR 69 (USA 248),72.22771840776535,85.22415914667715,73.95678418150696,82.99957029288029,2.817527997795567,74.18762021439932
2026-01-13T19:07:24+00:00,NAVSTAR 69 (USA 248),72.22261529204513,85.24450117225844,73.95992338864181,83.0009598426092,2.8375547783865986,73.864191296752
2026-01-13T19:07:25+00:00,NAVSTAR 69 (USA 248),72.217510617867,85.2648339107023,73.96306260512259,83.00234938056929,2.857584292598048,73.53961072243656
2026-01-13T19:07:26+00:00,NAVSTAR 69 (USA 248),72.2124043864029,85.28515736676039,73.96620183094834,83.0037389067625,2.877616316695681,73.21390307720982
2026-01-13T19:07:27+00:00,NAVSTAR 69 (USA 248),72.20729659884135,85.30547154518248,73.96934106611809,83.00512842119102,2.897650633315788,72.88709293842007
2026-01-13T19:07:28+00:00,NAVSTAR 69 (USA 248),72.20218725636941,85.32577645070236,73.97248031062702,83.00651792385496,2.9176870312470338,72.5592048725547
2026-01-13T19:07:29+00:00,NAVSTAR 69 (USA 248),72.19707636015809,85.34607208809109,73.97561956447709,83.00790741475764,2.93772530527512,72.2302634319113
2026-01-13T19:07:30+00:00,NAVSTAR 69 (USA 248),72.19196391139862,85.36635846206855,73.97875882766249,83.00929689389906,2.957765255886276,71.90029315373006
2026-01-13T19:07:31+00:00,NAVSTAR 69 (USA 248),72.18684991126732,85.38663557740193,73.98189810018513,83.01068636128231,2.977806689178561,71.56931855606292
2026-01-13T19:07:32+00:00,NAVSTAR 69 (USA 248),72.18173436093343,85.40690343883851,73.98503738204026,83.01207581690788,2.997849416614339,71.23736413638528
2026-01-13T19:07:33+00:00,NAVSTAR 69 (USA 248),72.17661726158089,85.4271620511334,73.9881766732268,83.01346526077764,3.017893254854549,70.90445436900004
2026-01-13T19:07:34+00:00,NAVSTAR 69 (USA 248),72.17149861437854,85.44741141904483,73.99131597374304,83.01485469289327,3.037938025600523,70.57061370244128
2026-01-13T19:07:35+00:00,NAVSTAR 69 (USA 248),72.16637842051436,85.4676515473051,73.99445528358775,83.01624411325662,3.057983555386194,70.2358665578292
2026-01-13T19:07:36+00:00,NAVSTAR 69 (USA 248),72.16125668114614,85.48788244069539,73.99759460275632,83.01763352186808,3.0780296755085206,69.90023732503991
2026-01-13T19:07:37+00:00,NAVSTAR 69 (USA 248),72.15613339745872,85.50810410394928,74.00073393125061,83.01902291873088,3.098076221766266,69.56375036218965
2026-01-13T19:07:38+00:00,NAVSTAR 69 (USA 248),72.15100857061854,85.52831654183677,74.00387326906485,83.020412303845,3.118123034404769,69.22642999178882
2026-01-13T19:07:39+00:00,NAVSTAR 69 (USA 248),72.14588220180664,85.5485197590911,74.00701261620091,83.0218016772136,3.1381699579006415,68.88830049968523
2026-01-13T19:07:40+00:00,NAVSTAR 69 (USA 248),72.14075429218516,85.56871376048247,74.0101519726531,83.02319103883667,3.1582168409015137,68.5493861315064
2026-01-13T19:07:41+00:00,NAVSTAR 69 (USA 248),72.13562484292258,85.58889855077547,74.01329133842329,83.02458038871738,3.178263536050285,68.20971109114467
2026-01-13T19:07:42+00:00,NAVSTAR 69 (USA 248),72.13049385518421,85.60907413473468,74.01643071350766,83.02596972685647,3.1983098998662953,67.8692995383846
2026-01-13T19:07:43+00:00,NAVSTAR 69 (USA 248),72.12536133014727,85.62924051708698,74.01957009790235,83.0273590532546,3.218355792586449,67.52817558730536
2026-01-13T19:07:44+00:00,NAVSTAR 69 (USA 248),72.1202272689766,85.64939770261624,74.02270949160923,83.02874836791514,3.238401078140646,67.18636330249174
2026-01-13T19:07:45+00:00,NAVSTAR 69 (USA 248),72.11509167284045,85.66954569605593,74.02584889462359,83.03013767083833,3.2584456239408897,66.84388669850168
2026-01-13T19:07:46+00:00,NAVSTAR 69 (USA 248),72.1099545428983,85.68968450218911,74.02898830694538,83.03152696202666,3.278489300863312,66.5007697361356
2026-01-13T19:07:47+00:00,NAVSTAR 69 (USA 248),72.1048158803119,85.70981412577453,74.03212772856979,83.03291624148038,3.2985319830757627,66.15703632142306
2026-01-13T19:07:48+00:00,NAVSTAR 69 (USA 248),72.09967568625173,85.72993457155843,74.03526715949864,83.03430550920265,3.3185735479454506,65.81271030332799
2026-01-13T19:07:49+00:00,NAVSTAR 69 (USA 248),72.0945339618759,85.75004584431747,74.03840659972643,83.03569476519354,3.338613875985845,65.46781547085519
2026-01-13T19:07:50+00:00,NAVSTAR 69 (USA 248),72.08939070835922,85.77014794879197,74.04154604925479,83.03708400945615,3.3586528506954907,65.12237555209146
2026-01-13T19:07:51+00:00,NAVSTAR 69 (USA 248),72.08424592684072,85.79024088976945,74.04468550807813,83.03847324199047,3.3786903585628187,64.7764142104646
2026-01-13T19:07:52+00:00,NAVSTAR 69 (USA 248),72.07909961849943,85.81032467198608,74.0478249761983,83.03986246279959,3.398726288858378,64.42995504473936
2026-01-13T19:07:53+00:00,NAVSTAR 69 (USA 248),72.073951784474,85.83039930023921,74.05096445361052,83.04125167188405,3.4187605336854836,64.0830215846245
2026-01-13T19:07:54+00:00,NAVSTAR 69 (USA 248),72.06880242594315,85.85046477925695,74.05410394031382,83.04264086924567,3.4387929877492667,63.73563729131578
2026-01-13T19:07:55+00:00,NAVSTAR 69 (USA 248),72.06365154405296,85.87052111381637,74.05724343630625,83.04403005488601,3.4588235484151717,63.387825553098544
2026-01-13T19:07:56+00:00,NAVSTAR 69 (USA 248),72.05849913996965,85.89056830867689,74.06038294158688,83.0454192288071,3.4788521155492247,63.0396096847935
2026-01-13T19:07:57+00:00,NAVSTAR 69 (USA 248),72.05334521483414,85.91060636862267,74.06352245615186,83.04680839100966,3.4988785915050054,62.6910129247229
2026-01-13T19:07:58+00:00,NAVSTAR 69 (USA 248),72.04818976980803,85.93063529839567,74.0666619800002,83.04819754149565,3.5189028809731133,62.34205843412902
2026-01-13T19:07:59+00:00,NAVSTAR 69 (USA 248),72.04303280604765,85.95065510277121,74.06980151313095,83.0495866802671,3.538924890989158,61.992769293896366
2026-01-13T19:08:00+00:00,NAVSTAR 69 (USA 248),72.03787432470216,85.97066578651315,74.07294105553936,83.05097580732428,3.5589445308316257,61.643168503248745
2026-01-13T19:08:01+00:00,NAVSTAR 69 (USA 248),72.03271432692574,85.99066735438849,74.0760806072272,83.05236492267035,3.5789617119653228,61.293278977711566
2026-01-13T19:08:02+00:00,NAVSTAR 69 (USA 248),72.02755281386374,86.01065981116983,74.07922016818893,83.0537540263054,3.5989763479868087,60.94312354709527
2026-01-13T19:08:03+00:00,NAVSTAR 69 (USA 248),72.02238978667658,86.03064316161165,74.08235973842622,83.0551431182324,3.618988354535194,60.59272495414094
2026-01-13T19:08:04+00:00,NAVSTAR 69 (USA 248),72.01722524650184,86.05061741049309,74.08549931793445,83.05653219845192,3.6389976492880636,60.24210585172993
2026-01-13T19:08:05+00:00,NAVSTAR 69 (USA 248),72.01205919449869,86.07058256256887,74.08863890671257,83.05792126696574,3.659004151842886,59.89128880215178
2026-01-13T19:08:06+00:00,NAVSTAR 69 (USA 248),72.00689163180833,86.09053862261301,74.09177850475871,83.05931032377545,3.6790077837202873,59.54029627428999
2026-01-13T19:08:07+00:00,NAVSTAR 69 (USA 248),72.00172255958027,86.11048559539434,74.09491811207185,83.06069936888312,3.6990084682774182,59.18915064243346
2026-01-13T19:08:08+00:00,NAVSTAR 69 (USA 248),71.99655197895392,86.13042348568733,74.09805772864723,83.06208840228902,3.719006130676176,58.837874184176876
2026-01-13T19:08:09+00:00,NAVSTAR 69 (USA 248),71.99137989108367,86.15035229824821,74.10119735448674,83.06347742399632,3.7390006978025845,58.48648907922749
2026-01-13T19:08:10+00:00,NAVSTAR 69 (USA 248),71.9862062971041,86.17027203785814,74.10433698958464,83.06486643400491,3.758992098271969,58.13501740675298
2026-01-13T19:08:11+00:00,NAVSTAR 69 (USA 248),71.98103119817135,86.19018270926728,74.10747663394284,83.06625543231814,3.778980262316834,57.783481144837566
2026-01-13T19:08:12+00:00,NAVSTAR 69 (USA 248),71.97585459541779,86.21008431725775,74.1106162875555,83.06764441893567,3.7989651218174108,57.431902167476856
2026-01-13T19:08:13+00:00,NAVSTAR 69 (USA 248),71.97067648998399,86.22997686660747,74.11375595042472,83.06903339386093,3.8189466102135916,57.08030224370307
2026-01-13T19:08:14+00:00,NAVSTAR 69 (USA 248),71.96549688300878,86.24986036208618,74.11689562254644,83.07042235709451,3.8389246624633833,56.72870303593811
2026-01-13T19:08:15+00:00,NAVSTAR 69 (USA 248),71.96031577563436,86.26973480845639,74.12003530391704,83.07181130863728,3.858899215001718,56.37712609838383
2026-01-13T19:08:16+00:00,NAVSTAR 69 (USA 248),71.95513316901146,86.28960021047692,74.12317499453818,83.07320024849228,3.8788702057026825,56.02559287539536
2026-01-13T19:08:17+00:00,NAVSTAR 69 (USA 248),71.94994906425228,86.3094565729503,74.12631469440527,83.07458917665988,3.8988375739050625,55.674124698782855
2026-01-13T19:08:18+00:00,NAVSTAR 69 (USA 248),71.94476346251696,86.3293039006146,74.12945440351726,83.07597809314215,3.918801260239544,55.32274278864588
2026-01-13T19:08:19+00:00,NAVSTAR 69 (USA 248),71.9395763649293,86.34914219825261,74.13259412187224,83.07736699794049,3.938761206730424,54.97146824941754
2026-01-13T19:08:20+00:00,NAVSTAR 69 (USA 248),71.9343877726317,86.3689714706396,74.13573384946926,83.07875589105689,3.9587173566872536,54.62032206964692
2026-01-13T19:08:21+00:00,NAVSTAR 69 (USA 248),71.92919768675364,86.38879172254471,74.1388735863035,83.08014477249168,3.9786696546894578,54.26932512018466
2026-01-13T19:08:22+00:00,NAVSTAR 69 (USA 248),71.92400610843355,86.40860295874182,74.14201333237689,83.08153364224817,3.9986180465528816,53.91849815272636
2026-01-13T19:08:23+00:00,NAVSTAR 69 (USA 248),71.91881303879399,86.42840518400703,74.14515308768365,83.08292250032619,4.018562479307547,53.5678617981979
2026-01-13T19:08:24+00:00,NAVSTAR 69 (USA 248),71.91361847897643,86.44819840309947,74.1482928522257,83.08431134672885,4.038502901134868,53.2174365658915
2026-01-13T19:08:25+00:00,NAVSTAR 69 (USA 248),71.90842243010283,86.46798262080499,74.15143262599821,83.08570018145647,4.0584392613929765,52.867242841090935
2026-01-13T19:08:26+00:00,NAVSTAR 69 (USA 248),71.90322489332071,86.48775784186887,74.15457240900035,83.08708900451116,4.078371510509158,52.517300885069396
2026-01-13T19:08:27+00:00,NAVSTAR 69 (USA 248),71.89802586973413,86.50752407110474,74.15771220122998,83.08847781589436,4.098299600080171,52.16763083147298
2026-01-13T19:08:28+00:00,NAVSTAR 69 (USA 248),71.89282536049477,86.52728131325257,74.16085200268633,83.08986661560803,4.11822348267714,51.81825268792743
2026-01-13T19:08:29+00:00,NAVSTAR 69 (USA 248),71.88762336670293,86.54702957311547,74.16399181336452,83.09125540365245,4.138143111986859,51.469186331776584
2026-01-13T19:08:30+00:00,NAVSTAR 69 (USA 248),71.88241988950591,86.56676885544148,74.16713163326652,83.09264418003094,4.158058442635698,51.12045151142394
2026-01-13T19:08:31+00:00,NAVSTAR 69 (USA 248),71.87721493003241,86.58649916499685,74.17027146238834,83.09403294474407,4.177969430259987,50.77206784338683
2026-01-13T19:08:32+00:00,NAVSTAR 69 (USA 248),71.87200848939042,86.60622050658091,74.1734113007263,83.09542169779262,4.19787603149664,50.42405481078684
2026-01-13T19:08:33+00:00,NAVSTAR 69 (USA 248),71.86680056872063,86.62593288494057,74.17655114828224,83.09681043917983,4.217778203860109,50.07643176386012
2026-01-13T19:03:46+00:00,YAOGAN-31 01C,71.0575445143728,79.18427781245752,73.27580064517203,82.6977568705396,4.155140834365274,51.171524626958096
2026-01-13T19:03:47+00:00,YAOGAN-31 01C,70.9261893221822,80.0554781530934,73.2789377783964,82.69914901220578,3.538985858906231,61.99170514284839
2026-01-13T19:03:48+00:00,YAOGAN-31 01C,70.79095883380764,80.91372560736659,73.28207492138573,82.70054114174896,3.06567596391082,70.1071756496376
2026-01-13T19:03:49+00:00,YAOGAN-31 01C,70.65196168627503,81.75893644567051,73.2852120741391,82.70193325917143,2.797007435717526,74.51785271561926
2026-01-13T19:03:50+00:00,YAOGAN-31 01C,70.5093063592978,82.5910519557994,73.28834923665546,82.70332536447516,2.78130987710612,74.76965556535515
2026-01-13T19:03:51+00:00,YAOGAN-31 01C,70.36310095994001,83.41003713089034,73.29148640893118,82.70471745766106,3.0121283470840763,71.00029892434264
2026-01-13T19:03:52+00:00,YAOGAN-31 01C,70.2134530247492,84.21587932313525,73.29462359096593,82.7061095387316,3.4311830117349578,63.867657842989736
2026-01-13T19:03:53+00:00,YAOGAN-31 01C,70.06046933623612,85.0085868913414,73.29776078275513,82.70750160768726,3.971781639561112,54.39048729961312
2026-01-13T19:08:56+00:00,WEINA 1B,71.37454223089235,80.04596681848602,74.248770181267,83.12874827584938,4.214822395377798,50.128039161238135
2026-01-13T19:08:57+00:00,WEINA 1B,71.23882743712143,80.92818894299252,74.25191024943138,83.13013673780479,3.7319220416450603,58.61090692446348
2026-01-13T19:08:58+00:00,WEINA 1B,71.09920618806942,81.79667547675201,74.25505032676375,83.13152518813637,3.426539942816116,63.948174308471415
2026-01-13T19:08:59+00:00,WEINA 1B,70.9557928179386,82.65136120596192,74.25819041326228,83.13291362684575,3.337322671192991,65.4900545193975
2026-01-13T19:09:00+00:00,WEINA 1B,70.80870126880133,83.4922073292043,74.26133050892595,83.13430205393476,3.4711301986282934,63.17391322537168
2026-01-13T19:09:01+00:00,WEINA 1B,70.65804487033718,84.31919992223776,74.26447061374999,83.13569046940376,3.7956555781179757,57.49013063956747
2026-01-13T19:05:20+00:00,STARLINK-4640,71.3115168965418,79.78275286145907,73.57073359577885,82.82856542375521,3.7922334130103947,57.55033817095092
2026-01-13T19:05:21+00:00,STARLINK-4640,70.84014928309432,81.44687371515887,73.57387163854527,82.82995643319688,3.063683358577989,70.14052339534254
2026-01-13T19:05:22+00:00,STARLINK-4640,70.3568956655667,83.02488313148788,73.57700969089406,82.83134743067136,3.2259247361958914,67.3991908598153
2026-01-13T19:05:23+00:00,STARLINK-4640,69.86310335960417,84.52110618024403,73.58014775282682,82.83273841618187,4.082524308306347,52.44441639258065
2026-01-13T19:05:50+00:00,STARLINK-5205,70.90856081708056,85.54750972760152,73.6648790400036,82.87029050825444,3.8424982621283026,56.66580554269031
2026-01-13T19:05:51+00:00,STARLINK-5205,70.34434314354459,84.25565148055573,73.6680173694538,82.8716811594153,3.600303349687461,60.91989723783507
2026-01-13T19:05:52+00:00,STARLINK-5205,69.77485299745257,83.04150458253761,73.67115570842826,82.87307179865788,3.899941591644929,55.65469207803142
2026-01-13T19:07:37+00:00,STARLINK-30066,77.96343042401378,82.8444005243137,74.00073393125061,83.01902291873088,3.9665421306711885,54.48265935934251
2026-01-13T19:07:38+00:00,STARLINK-30066,77.26397523847854,82.29922933238488,74.00387326906485,83.020412303845,3.3389174487098394,65.46258654726337
2026-01-13T19:07:39+00:00,STARLINK-30066,76.56689203112519,81.8126134769233,74.00701261620091,83.0218016772136,2.8310985010547367,73.96858099132818
2026-01-13T19:07:40+00:00,STARLINK-30066,75.87250201776067,81.3757030428229,74.0101519726531,83.02319103883667,2.4864762994087815,79.35464378325749
2026-01-13T19:07:41+00:00,STARLINK-30066,75.18108986343337,80.98133518190694,74.01329133842329,83.02458038871738,2.353423967365329,81.32304745147155
2026-01-13T19:07:42+00:00,STARLINK-30066,74.49291059432825,80.62365268649792,74.01643071350766,83.02596972685647,2.4491141743952825,79.91421780515006
2026-01-13T19:07:43+00:00,STARLINK-30066,73.80819469256798,80.29782100921912,74.01957009790235,83.0273590532546,2.737710265133492,75.46523868638924
2026-01-13T19:07:44+00:00,STARLINK-30066,73.12715189901648,79.99981545849008,74.02270949160923,83.02874836791514,3.1585531452626725,68.54369396503222
2026-01-13T19:07:45+00:00,STARLINK-30066,72.44997409764642,79.7262591719424,74.02584889462359,83.03013767083833,3.660463701666041,59.865686281704065
2026-01-13T19:07:46+00:00,STARLINK-30066,71.77683753015178,79.47429833158058,74.02898830694538,83.03152696202666,4.21023261241909,50.20818952715004
2026-01-13T19:09:37+00:00,STARLINK-6131,78.37326877330383,83.21804668346306,74.37752047333723,83.1856657007533,3.9958795032792565,53.96665344817792
2026-01-13T19:09:38+00:00,STARLINK-6131,77.67265022262463,82.63222320650554,74.38066091581591,83.18705368738041,3.3384173583676997,65.47120034181633
2026-01-13T19:09:39+00:00,STARLINK-6131,76.97418948637215,82.11126830929915,74.38380136738586,83.18844166244689,2.805425643234359,74.38252533213591
2026-01-13T19:09:40+00:00,STARLINK-6131,76.27823425494361,81.64509196522681,74.3869418280413,83.1898296259524,2.4419667246958943,80.02066945127766
2026-01-13T19:09:41+00:00,STARLINK-6131,75.58509030350075,81.22558008356447,74.39008229778418,83.1912175779002,2.3003858139158266,82.08823308579959
2026-01-13T19:09:42+00:00,STARLINK-6131,74.89502985440505,80.84613634282101,74.39322277660966,83.19260551829053,2.3995266063859697,80.64873813281925
2026-01-13T19:09:43+00:00,STARLINK-6131,74.20829769067737,80.50134512325641,74.3963632645168,83.19399344712531,2.6992079682932024,76.07472535155034
2026-01-13T19:09:44+00:00,STARLINK-6131,73.52511567714922,80.18671997160894,74.39950376150368,83.19538136440597,3.1331450490790367,68.97312976871216
2026-01-13T19:09:45+00:00,STARLINK-6131,72.84568616500775,79.8985134374309,74.4026442675693,83.19676927013465,3.6472743344991674,60.097001661156256
2026-01-13T19:09:46+00:00,STARLINK-6131,72.17019458436823,79.63357157149825,74.405784782709,83.19815716431138,4.207628070945468,50.253679741611904
2026-01-13T19:08:00+00:00,STARLINK-6142,76.4408285256912,85.96703891573773,74.07294105553936,83.05097580732428,3.756369939656107,58.1811253206366
2026-01-13T19:08:01+00:00,STARLINK-6142,75.75689377387657,85.31208025116267,74.0760806072272,83.05236492267035,2.8162823485945156,74.20770016284698
2026-01-13T19:08:02+00:00,STARLINK-6142,75.07494898528472,84.71944076844156,74.07922016818893,83.0537540263054,1.9406154178824728,86.95270816431027
2026-01-13T19:08:03+00:00,STARLINK-6142,74.39537834222696,84.18077496762486,74.08235973842622,83.0551431182324,1.1683440018642033,95.09374032033818
2026-01-13T19:08:04+00:00,STARLINK-6142,73.71851980754793,83.6891457082335,74.08549931793445,83.05653219845192,0.7313506777201292,98.05284694920385
2026-01-13T19:08:05+00:00,STARLINK-6142,73.04467325288553,83.2387426803862,74.08863890671257,83.05792126696574,1.0595096365403671,95.95017824259313
2026-01-13T19:08:06+00:00,STARLINK-6142,72.37410668053487,82.82466500954219,74.09177850475871,83.05931032377545,1.733624791938581,89.4658195323909
2026-01-13T19:08:07+00:00,STARLINK-6142,71.70706104879221,82.44275178358129,74.09491811207185,83.06069936888312,2.466519931570559,79.6541782276171
2026-01-13T19:08:08+00:00,STARLINK-6142,71.04375404911232,82.08944874395812,74.09805772864723,83.06208840228902,3.205432712096536,67.7481709655899
2026-01-13T19:08:09+00:00,STARLINK-6142,70.38438309850946,81.76170253713295,74.10119735448674,83.06347742399632,3.938188170911099,54.98155232795183
2026-01-13T19:08:50+00:00,HAIYANG-3A,77.11988330370319,80.39003237238043,74.22992996491644,83.120417259931,3.975780669821871,54.32014177706219
2026-01-13T19:08:51+00:00,HAIYANG-3A,77.31625099900212,82.68666484031914,74.23306997803219,83.12180579166133,3.1137361570313202,69.30031612059217
2026-01-13T19:08:52+00:00,HAIYANG-3A,77.49246382184013,85.05367124773889,74.2362100003285,83.12319431175914,3.7854894202016873,57.66898037660969
2026-01-13T19:06:15+00:00,UM5-RIBAT,73.39012427343972,80.99390007158918,73.74334012965606,82.90505321576923,1.9435194317505353,86.91588434801622
2026-01-13T19:06:16+00:00,UM5-RIBAT,73.62874623902846,83.4440013189691,73.74647869668216,82.9064435694808,0.5502992509717844,98.8936393046032
2026-01-13T19:06:17+00:00,UM5-RIBAT,73.8385246819932,85.96559508160954,73.74961727318514,82.9078339113149,3.0590534323386067,70.21797560747089
2026-01-13T19:06:25+00:00,2024-205N,72.9213228306449,80.5331439810756,73.77472622618599,82.91895621861234,2.533850308976664,78.63775738203445
2026-01-13T19:06:26+00:00,2024-205N,73.20788549163065,83.41089021382463,73.77786488790281,82.92034645362607,0.7520037851264585,97.94228983835956
2026-01-13T19:06:27+00:00,2024-205N,73.45359540974304,86.3864759513325,73.7810035590802,82.92173667677982,3.480174469316193,63.016604374841144
2026-01-13T19:02:37+00:00,STARLINK-34745,69.86174420461379,81.0132746827237,73.05936214835316,82.60166972332351,3.570400442405037,61.442964578852234
2026-01-13T19:02:38+00:00,STARLINK-34745,70.09713259067641,83.07204472076666,73.06249860304209,82.60306270552276,3.002222463095589,71.16481100883179
2026-01-13T19:02:39+00:00,STARLINK-34745,70.30864293573339,85.18110193308698,73.06563506763271,82.6044556754834,3.773607233427631,57.87798856016755
2026-01-13T19:04:32+00:00,STARLINK-35421,70.49787223524716,80.54891390501946,73.42011885184363,82.76178286584667,3.6655578464951266,59.77631864052757
2026-01-13T19:04:33+00:00,STARLINK-35421,69.96214003560743,82.31971275240463,73.42325643229789,82.76317445161153,3.489410407232576,62.85587430874221
2026-01-13T19:04:34+00:00,STARLINK-35421,69.41299222999254,83.99044017258137,73.42639402243002,82.7645660253312,4.19644627898853,50.44903996450494
2026-01-13T19:06:58+00:00,STARLINK-35542,75.2648264837081,81.48625443397927,73.8783070465295,82.96482772031172,2.0269719072374968,85.83994549187159
2026-01-13T19:06:59+00:00,STARLINK-35542,74.69556459442084,83.82018190302014,73.88144601936607,82.96621756476493,1.1798492044582987,94.99871102308224
2026-01-13T19:07:00+00:00,STARLINK-35542,74.10670485007074,85.97706831655184,73.88458500159675,82.96760739740976,3.017646806856222,70.90855324663758
2026-01-13T19:05:29+00:00,STARLINK-35061,70.99275783604871,81.03564805296753,73.59897632553692,82.84108407807489,3.1704848297548547,68.34160428762632
2026-01-13T19:05:30+00:00,STARLINK-35061,70.4496060269904,82.84124469900485,73.60211445449103,82.84247497987796,3.1525086675620027,68.64596774376723
2026-01-13T19:05:31+00:00,STARLINK-35061,69.8927744786254,84.54128713507036,73.60525259300996,82.84386586972853,4.082123552983061,52.45144954618828
